code,figureID
Figure1,Figure1
SuppFigure_Heatmap,SuppFigure1
SuppFigure_Baseline_2mo_Shift,SuppFigure2
SuppFigure_ADiv_by_Age,SuppFigure3
SuppFigure_Baseline_12mo_Shift,SuppFigure4
SuppFigure_DiffTaxa_BLtoTP,SuppFigure5
SuppFigure_AnyIRIS_adjMyco,SuppFigure6
SuppFigure_M12_MB_BaselineCD4,SuppFigure7
SuppFigure_M12_MB_M12CD4,SuppFigure8
SuppFigure_Integrase,SuppFigure9
SuppFigure_BaselineMB_NNRTI,SuppFigure10
SuppFigure_M12_MB_NNRTI,SuppFigure11
SuppFigure_BaselineMB_Myco,SuppFigure12
SuppFigure_M12_MB_Myco,SuppFigure13
SuppFigure_DiffTaxa_BLtoTP,SuppTable1
SuppFigure_DiffTaxa_BLtoTP,SuppTable2